run_id,method,benchmark,split,input_setting,provider,model,prompt_version,examples_path,prediction_path,metric_path,config_path,provider_config_path,started_at,ended_at,sample_count,success_count,error_count,is_real_llm_run
run-test,direct_criteria_aware,csmed_ft,test-small,abstract_only,openai,gpt-test,v0,/tmp/pytest-of-root/pytest-168/test_run_direct_llm_end_to_end0/examples.jsonl,/tmp/pytest-of-root/pytest-168/test_run_direct_llm_end_to_end0/preds/predictions.jsonl,/F00120250029/lixiang_share/liuhongtao_share/EBM-Online/experiments/screening-exp/results/metrics/csmed_ft/test-small/direct_criteria_aware/run-test.json,/tmp/pytest-of-root/pytest-168/test_run_direct_llm_end_to_end0/defaults.yaml,/tmp/pytest-of-root/pytest-168/test_run_direct_llm_end_to_end0/providers.yaml,2026-05-16T15:55:06.254221Z,2026-05-16T15:55:06.255784Z,2,1,1,True
run-resume,direct_criteria_aware,csmed_ft,test-small,abstract_only,openai,gpt-test,v0,/tmp/pytest-of-root/pytest-168/test_run_direct_llm_resume_ski0/examples.jsonl,/tmp/pytest-of-root/pytest-168/test_run_direct_llm_resume_ski0/preds/predictions.jsonl,/F00120250029/lixiang_share/liuhongtao_share/EBM-Online/experiments/screening-exp/results/metrics/csmed_ft/test-small/direct_criteria_aware/run-resume.json,/tmp/pytest-of-root/pytest-168/test_run_direct_llm_resume_ski0/defaults.yaml,/tmp/pytest-of-root/pytest-168/test_run_direct_llm_resume_ski0/providers.yaml,2026-05-16T15:55:06.292263Z,2026-05-16T15:55:06.292758Z,2,2,0,True
csmed_ft_test_small_abs_smoke_real,direct_criteria_aware,csmed_ft,test-small,abstract_only,openai,gpt-5.2,v0,results/data/csmed_ft/test-small.abstract_only.examples.jsonl,,,code/config/experiment_defaults.yaml,code/config/llm_providers.example.yaml,2026-05-15T06:38:38.548338Z,2026-05-15T06:38:39.848152Z,3,0,3,True
csmed_ft_test_small_abs_siliconflow_smoke_v2,direct_criteria_aware,csmed_ft,test-small,abstract_only,openai-compatible,deepseek-ai/DeepSeek-V4-Flash,v0,results/data/csmed_ft/test-small.abstract_only.examples.jsonl,/F00120250029/lixiang_share/liuhongtao_share/EBM-Online/experiments/screening-exp/results/preds/csmed_ft/test-small/direct_criteria_aware/csmed_ft_test_small_abs_siliconflow_smoke_v2/predictions.jsonl,/F00120250029/lixiang_share/liuhongtao_share/EBM-Online/experiments/screening-exp/results/metrics/csmed_ft/test-small/direct_criteria_aware/csmed_ft_test_small_abs_siliconflow_smoke_v2.json,code/config/experiment_defaults.yaml,code/config/llm_providers.local.yaml,2026-05-15T06:49:40.038954Z,2026-05-15T06:52:06.835938Z,3,3,0,True
csmed_ft_test_small_abs_preview10_siliconflow_v1,direct_criteria_aware,csmed_ft,test-small,abstract_only,openai-compatible,deepseek-ai/DeepSeek-V4-Flash,v0,results/data/csmed_ft/test-small.abstract_only.examples.jsonl,/F00120250029/lixiang_share/liuhongtao_share/EBM-Online/experiments/screening-exp/results/preds/csmed_ft/test-small/direct_criteria_aware/csmed_ft_test_small_abs_preview10_siliconflow_v1/predictions.jsonl,/F00120250029/lixiang_share/liuhongtao_share/EBM-Online/experiments/screening-exp/results/metrics/csmed_ft/test-small/direct_criteria_aware/csmed_ft_test_small_abs_preview10_siliconflow_v1.json,code/config/experiment_defaults.yaml,code/config/llm_providers.local.yaml,2026-05-15T06:56:28.601598Z,2026-05-15T07:00:41.114946Z,10,8,2,True
csmed_ft_test_small_abs_siliconflow_v1,direct_criteria_aware,csmed_ft,test-small,abstract_only,openai-compatible,deepseek-ai/DeepSeek-V4-Flash,v0,results/data/csmed_ft/test-small.abstract_only.examples.jsonl,/F00120250029/lixiang_share/liuhongtao_share/EBM-Online/experiments/screening-exp/results/preds/csmed_ft/test-small/direct_criteria_aware/csmed_ft_test_small_abs_siliconflow_v1/predictions.jsonl,/F00120250029/lixiang_share/liuhongtao_share/EBM-Online/experiments/screening-exp/results/metrics/csmed_ft/test-small/direct_criteria_aware/csmed_ft_test_small_abs_siliconflow_v1.json,code/config/experiment_defaults.yaml,code/config/llm_providers.local.yaml,2026-05-15T07:23:54.110233Z,2026-05-15T07:48:26.189440Z,48,47,1,True
csmed_ft_test_small_abs_v0_preview20,direct_criteria_aware,csmed_ft,test-small,abstract_only,openai-compatible,deepseek-ai/DeepSeek-V4-Flash,v0,results/data/csmed_ft/test-small.abstract_only.examples.jsonl,/F00120250029/lixiang_share/liuhongtao_share/EBM-Online/experiments/screening-exp/results/preds/csmed_ft/test-small/direct_criteria_aware/csmed_ft_test_small_abs_v0_preview20/predictions.jsonl,/F00120250029/lixiang_share/liuhongtao_share/EBM-Online/experiments/screening-exp/results/metrics/csmed_ft/test-small/direct_criteria_aware/csmed_ft_test_small_abs_v0_preview20.json,code/config/experiment_defaults.yaml,code/config/llm_providers.local.yaml,2026-05-15T08:52:03.560045Z,2026-05-15T08:56:50.821505Z,20,20,0,True
csmed_ft_test_small_abs_v1_preview20,direct_criteria_aware,csmed_ft,test-small,abstract_only,openai-compatible,deepseek-ai/DeepSeek-V4-Flash,v1,results/data/csmed_ft/test-small.abstract_only.examples.jsonl,/F00120250029/lixiang_share/liuhongtao_share/EBM-Online/experiments/screening-exp/results/preds/csmed_ft/test-small/direct_criteria_aware/csmed_ft_test_small_abs_v1_preview20/predictions.jsonl,/F00120250029/lixiang_share/liuhongtao_share/EBM-Online/experiments/screening-exp/results/metrics/csmed_ft/test-small/direct_criteria_aware/csmed_ft_test_small_abs_v1_preview20.json,code/config/experiment_defaults.yaml,code/config/llm_providers.local.yaml,2026-05-15T08:56:52.600480Z,2026-05-15T09:02:30.817606Z,20,20,0,True
csmed_ft_test_small_abs_binary_smoke_v1,direct_criteria_aware,csmed_ft,test-small,abstract_only,openai-compatible,deepseek-ai/DeepSeek-V4-Flash,v1,results/data/csmed_ft/test-small.abstract_only.examples.jsonl,/F00120250029/lixiang_share/liuhongtao_share/EBM-Online/experiments/screening-exp/results/preds/csmed_ft/test-small/direct_criteria_aware/csmed_ft_test_small_abs_binary_smoke_v1/predictions.jsonl,/F00120250029/lixiang_share/liuhongtao_share/EBM-Online/experiments/screening-exp/results/metrics/csmed_ft/test-small/direct_criteria_aware/csmed_ft_test_small_abs_binary_smoke_v1.json,code/config/experiment_defaults.yaml,code/config/llm_providers.local.yaml,2026-05-15T10:35:08.495363Z,2026-05-15T10:35:38.711441Z,5,5,0,True
csmed_ft_test_small_abs_binary_preview20_v1,direct_criteria_aware,csmed_ft,test-small,abstract_only,openai-compatible,deepseek-ai/DeepSeek-V4-Flash,v1,results/data/csmed_ft/test-small.abstract_only.examples.jsonl,/F00120250029/lixiang_share/liuhongtao_share/EBM-Online/experiments/screening-exp/results/preds/csmed_ft/test-small/direct_criteria_aware/csmed_ft_test_small_abs_binary_preview20_v1/predictions.jsonl,/F00120250029/lixiang_share/liuhongtao_share/EBM-Online/experiments/screening-exp/results/metrics/csmed_ft/test-small/direct_criteria_aware/csmed_ft_test_small_abs_binary_preview20_v1.json,code/config/experiment_defaults.yaml,code/config/llm_providers.local.yaml,2026-05-15T10:44:07.758683Z,2026-05-15T10:49:57.030027Z,20,20,0,True
csmed_ft_test_small_abs_benchmark_aligned_v1,direct_criteria_aware,csmed_ft,test-small,abstract_only,openai-compatible,deepseek-ai/DeepSeek-V4-Flash,v1,results/data/csmed_ft/test-small.abstract_only.examples.jsonl,/F00120250029/lixiang_share/liuhongtao_share/EBM-Online/experiments/screening-exp/results/preds/csmed_ft/test-small/direct_criteria_aware/csmed_ft_test_small_abs_benchmark_aligned_v1/predictions.jsonl,/F00120250029/lixiang_share/liuhongtao_share/EBM-Online/experiments/screening-exp/results/metrics/csmed_ft/test-small/direct_criteria_aware/csmed_ft_test_small_abs_benchmark_aligned_v1.json,code/config/experiment_defaults.yaml,code/config/llm_providers.local.yaml,2026-05-15T11:09:21.593727Z,2026-05-15T11:23:09.331779Z,48,48,0,True
csmed_ft_test_small_abs_benchmark_aligned_gpt54mini_v1,direct_criteria_aware,csmed_ft,test-small,abstract_only,openai-compatible,gpt-5.4-mini,v1,results/data/csmed_ft/test-small.abstract_only.examples.jsonl,/F00120250029/lixiang_share/liuhongtao_share/EBM-Online/experiments/screening-exp/results/preds/csmed_ft/test-small/direct_criteria_aware/csmed_ft_test_small_abs_benchmark_aligned_gpt54mini_v1/predictions.jsonl,/F00120250029/lixiang_share/liuhongtao_share/EBM-Online/experiments/screening-exp/results/metrics/csmed_ft/test-small/direct_criteria_aware/csmed_ft_test_small_abs_benchmark_aligned_gpt54mini_v1.json,code/config/experiment_defaults.yaml,code/config/llm_providers.local.yaml,2026-05-15T11:43:56.868341Z,2026-05-15T11:46:11.014971Z,48,48,0,True
csmed_ft_test_small_abs_benchmark_aligned_gpt51_v2,direct_criteria_aware,csmed_ft,test-small,abstract_only,openai-compatible,gpt-5.1,v2,results/data/csmed_ft/test-small.abstract_only.examples.jsonl,/F00120250029/lixiang_share/liuhongtao_share/EBM-Online/experiments/screening-exp/results/preds/csmed_ft/test-small/direct_criteria_aware/csmed_ft_test_small_abs_benchmark_aligned_gpt51_v2/predictions.jsonl,/F00120250029/lixiang_share/liuhongtao_share/EBM-Online/experiments/screening-exp/results/metrics/csmed_ft/test-small/direct_criteria_aware/csmed_ft_test_small_abs_benchmark_aligned_gpt51_v2.json,code/config/experiment_defaults.yaml,code/config/llm_providers.local.yaml,2026-05-15T12:02:41.800858Z,2026-05-15T12:11:37.266999Z,48,4,44,True
csmed_ft_test_small_abs_benchmark_aligned_gpt52_v2,direct_criteria_aware,csmed_ft,test-small,abstract_only,openai-compatible,gpt-5.2,v2,results/data/csmed_ft/test-small.abstract_only.examples.jsonl,/F00120250029/lixiang_share/liuhongtao_share/EBM-Online/experiments/screening-exp/results/preds/csmed_ft/test-small/direct_criteria_aware/csmed_ft_test_small_abs_benchmark_aligned_gpt52_v2/predictions.jsonl,/F00120250029/lixiang_share/liuhongtao_share/EBM-Online/experiments/screening-exp/results/metrics/csmed_ft/test-small/direct_criteria_aware/csmed_ft_test_small_abs_benchmark_aligned_gpt52_v2.json,code/config/experiment_defaults.yaml,code/config/llm_providers.local.yaml,2026-05-15T12:11:20.253980Z,2026-05-15T12:16:31.814736Z,48,48,0,True
csmed_ft_test_abs_benchmark_aligned_gpt52_v2_smoke20,direct_criteria_aware,csmed_ft,test,abstract_only,openai-compatible,gpt-5.2,v2,results/data/csmed_ft/test.abstract_only.examples.jsonl,/F00120250029/lixiang_share/liuhongtao_share/EBM-Online/experiments/screening-exp/results/preds/csmed_ft/test/direct_criteria_aware/csmed_ft_test_abs_benchmark_aligned_gpt52_v2_smoke20/predictions.jsonl,/F00120250029/lixiang_share/liuhongtao_share/EBM-Online/experiments/screening-exp/results/metrics/csmed_ft/test/direct_criteria_aware/csmed_ft_test_abs_benchmark_aligned_gpt52_v2_smoke20.json,code/config/experiment_defaults.yaml,code/config/llm_providers.local.yaml,2026-05-15T15:32:08.792820Z,2026-05-15T15:33:07.402988Z,20,20,0,True
csmed_ft_test_abs_benchmark_aligned_gpt52_v2_full,direct_criteria_aware,csmed_ft,test,abstract_only,openai-compatible,gpt-5.2,v2,results/data/csmed_ft/test.abstract_only.examples.jsonl,/F00120250029/lixiang_share/liuhongtao_share/EBM-Online/experiments/screening-exp/results/preds/csmed_ft/test/direct_criteria_aware/csmed_ft_test_abs_benchmark_aligned_gpt52_v2_full/predictions.jsonl,/F00120250029/lixiang_share/liuhongtao_share/EBM-Online/experiments/screening-exp/results/metrics/csmed_ft/test/direct_criteria_aware/csmed_ft_test_abs_benchmark_aligned_gpt52_v2_full.json,code/config/experiment_defaults.yaml,code/config/llm_providers.local.yaml,2026-05-15T15:36:59.400781Z,2026-05-15T16:31:43.495380Z,627,626,1,True
run-v3,direct_criteria_aware,csmed_ft,test-small,abstract_only,openai,gpt-test,v3,/tmp/pytest-of-root/pytest-168/test_run_direct_llm_abstract_v0/examples-v3.jsonl,/tmp/pytest-of-root/pytest-168/test_run_direct_llm_abstract_v0/preds-v3/predictions.jsonl,/F00120250029/lixiang_share/liuhongtao_share/EBM-Online/experiments/screening-exp/results/metrics/csmed_ft/test-small/direct_criteria_aware/run-v3.json,/tmp/pytest-of-root/pytest-168/test_run_direct_llm_abstract_v0/defaults.yaml,/tmp/pytest-of-root/pytest-168/test_run_direct_llm_abstract_v0/providers.yaml,2026-05-16T15:55:06.268781Z,2026-05-16T15:55:06.269539Z,1,1,0,True
run-full-text,direct_criteria_aware,csmed_ft,test-small,full_text_only,openai,gpt-test,v0,/tmp/pytest-of-root/pytest-168/test_run_direct_llm_full_text_0/examples-full-text.jsonl,/tmp/pytest-of-root/pytest-168/test_run_direct_llm_full_text_0/preds-full-text/predictions.jsonl,/F00120250029/lixiang_share/liuhongtao_share/EBM-Online/experiments/screening-exp/results/metrics/csmed_ft/test-small/direct_criteria_aware/run-full-text.json,/tmp/pytest-of-root/pytest-168/test_run_direct_llm_full_text_0/defaults.yaml,/tmp/pytest-of-root/pytest-168/test_run_direct_llm_full_text_0/providers.yaml,2026-05-16T15:55:06.280599Z,2026-05-16T15:55:06.281230Z,1,1,0,True
csmed_ft_test_small_abs_v3_smoke20,direct_criteria_aware,csmed_ft,test-small,abstract_only,openai-compatible,gpt-5.2,v3,results/data/csmed_ft/test-small.abstract_only.examples.jsonl,/F00120250029/lixiang_share/liuhongtao_share/EBM-Online/experiments/screening-exp/results/preds/csmed_ft/test-small/direct_criteria_aware/csmed_ft_test_small_abs_v3_smoke20/predictions.jsonl,/F00120250029/lixiang_share/liuhongtao_share/EBM-Online/experiments/screening-exp/results/metrics/csmed_ft/test-small/direct_criteria_aware/csmed_ft_test_small_abs_v3_smoke20.json,code/config/experiment_defaults.yaml,code/config/llm_providers.local.yaml,2026-05-16T06:27:26.598820Z,2026-05-16T06:27:41.762725Z,20,20,0,True
csmed_ft_test_abs_v3_full,direct_criteria_aware,csmed_ft,test,abstract_only,openai-compatible,gpt-5.2,v3,results/data/csmed_ft/test.abstract_only.examples.jsonl,/F00120250029/lixiang_share/liuhongtao_share/EBM-Online/experiments/screening-exp/results/preds/csmed_ft/test/direct_criteria_aware/csmed_ft_test_abs_v3_full/predictions.jsonl,/F00120250029/lixiang_share/liuhongtao_share/EBM-Online/experiments/screening-exp/results/metrics/csmed_ft/test/direct_criteria_aware/csmed_ft_test_abs_v3_full.json,code/config/experiment_defaults.yaml,code/config/llm_providers.local.yaml,2026-05-16T06:32:19.158427Z,2026-05-16T06:36:53.432367Z,627,627,0,True
csmed_ft_test_abs_v3_full_rerun_20260516,direct_criteria_aware,csmed_ft,test,abstract_only,openai-compatible,gpt-5.2,v3,results/data/csmed_ft/test.abstract_only.examples.jsonl,/F00120250029/lixiang_share/liuhongtao_share/EBM-Online/experiments/screening-exp/results/preds/csmed_ft/test/direct_criteria_aware/csmed_ft_test_abs_v3_full_rerun_20260516/predictions.jsonl,/F00120250029/lixiang_share/liuhongtao_share/EBM-Online/experiments/screening-exp/results/metrics/csmed_ft/test/direct_criteria_aware/csmed_ft_test_abs_v3_full_rerun_20260516.json,code/config/experiment_defaults.yaml,code/config/llm_providers.local.yaml,2026-05-16T07:00:50.355971Z,2026-05-16T07:06:06.325439Z,627,621,6,True
criterion-run,criterion_wise_evidence_grounded,csmed_ft,test-small,full_text_only,openai,gpt-test,v3,/tmp/pytest-of-root/pytest-168/test_run_criterion_wise_end_to0/examples.jsonl,/tmp/pytest-of-root/pytest-168/test_run_criterion_wise_end_to0/preds/predictions.jsonl,/F00120250029/lixiang_share/liuhongtao_share/EBM-Online/experiments/screening-exp/results/metrics/csmed_ft/test-small/criterion_wise_evidence_grounded/criterion-run.json,/tmp/pytest-of-root/pytest-168/test_run_criterion_wise_end_to0/defaults.yaml,/tmp/pytest-of-root/pytest-168/test_run_criterion_wise_end_to0/providers.yaml,2026-05-16T15:55:05.474921Z,2026-05-16T15:55:05.476699Z,2,1,1,True
criterion-resume,criterion_wise_evidence_grounded,csmed_ft,test-small,full_text_only,openai,gpt-test,v3,/tmp/pytest-of-root/pytest-168/test_run_criterion_wise_resume0/examples.jsonl,/tmp/pytest-of-root/pytest-168/test_run_criterion_wise_resume0/preds/predictions.jsonl,/F00120250029/lixiang_share/liuhongtao_share/EBM-Online/experiments/screening-exp/results/metrics/csmed_ft/test-small/criterion_wise_evidence_grounded/criterion-resume.json,/tmp/pytest-of-root/pytest-168/test_run_criterion_wise_resume0/defaults.yaml,/tmp/pytest-of-root/pytest-168/test_run_criterion_wise_resume0/providers.yaml,2026-05-16T15:55:05.506818Z,2026-05-16T15:55:05.506857Z,1,1,0,True
csmed_ft_test_small_fulltext_criterion_v1_20260516,criterion_wise_evidence_grounded,csmed_ft,test-small,full_text_only,openai-compatible,gpt-5.2,v1,results/data/csmed_ft/test-small.full_text_only.examples.jsonl,/F00120250029/lixiang_share/liuhongtao_share/EBM-Online/experiments/screening-exp/results/preds/csmed_ft/test-small/criterion_wise_evidence_grounded/csmed_ft_test_small_fulltext_criterion_v1_20260516/predictions.jsonl,/F00120250029/lixiang_share/liuhongtao_share/EBM-Online/experiments/screening-exp/results/metrics/csmed_ft/test-small/criterion_wise_evidence_grounded/csmed_ft_test_small_fulltext_criterion_v1_20260516.json,code/config/experiment_defaults.yaml,code/config/llm_providers.local.yaml,2026-05-16T07:53:09.864777Z,2026-05-16T07:56:11.955910Z,47,47,0,True
csmed_ft_test_small_fulltext_probe1_v2_20260516_fix2,criterion_wise_evidence_grounded,csmed_ft,test-small,full_text_only,openai-compatible,gpt-5.2,v2,results/data/csmed_ft/test-small.full_text_only.examples.jsonl,/F00120250029/lixiang_share/liuhongtao_share/EBM-Online/experiments/screening-exp/results/preds/csmed_ft/test-small/criterion_wise_evidence_grounded/csmed_ft_test_small_fulltext_probe1_v2_20260516_fix2/predictions.jsonl,/F00120250029/lixiang_share/liuhongtao_share/EBM-Online/experiments/screening-exp/results/metrics/csmed_ft/test-small/criterion_wise_evidence_grounded/csmed_ft_test_small_fulltext_probe1_v2_20260516_fix2.json,code/config/experiment_defaults.yaml,code/config/llm_providers.local.yaml,2026-05-16T08:56:30.452138Z,2026-05-16T08:57:14.586771Z,1,1,0,True
csmed_ft_test_small_fulltext_criterion_v3_smoke1_20260516,criterion_wise_evidence_grounded,csmed_ft,test-small,full_text_only,openai-compatible,gpt-5.2,v3,results/data/csmed_ft/test-small.full_text_only.examples.jsonl,/F00120250029/lixiang_share/liuhongtao_share/EBM-Online/experiments/screening-exp/results/preds/csmed_ft/test-small/criterion_wise_evidence_grounded/csmed_ft_test_small_fulltext_criterion_v3_smoke1_20260516/predictions.jsonl,/F00120250029/lixiang_share/liuhongtao_share/EBM-Online/experiments/screening-exp/results/metrics/csmed_ft/test-small/criterion_wise_evidence_grounded/csmed_ft_test_small_fulltext_criterion_v3_smoke1_20260516.json,,code/config/llm_providers.local.yaml,2026-05-16T10:25:10.975120Z,2026-05-16T10:29:24.180532Z,1,1,0,True
csmed_ft_test_small_fulltext_criterion_v3_gpt54mini_smoke1_20260516,criterion_wise_evidence_grounded,csmed_ft,test-small,full_text_only,openai-compatible,gpt-5.4-mini,v3,results/data/csmed_ft/test-small.full_text_only.examples.jsonl,/F00120250029/lixiang_share/liuhongtao_share/EBM-Online/experiments/screening-exp/results/preds/csmed_ft/test-small/criterion_wise_evidence_grounded/csmed_ft_test_small_fulltext_criterion_v3_gpt54mini_smoke1_20260516/predictions.jsonl,/F00120250029/lixiang_share/liuhongtao_share/EBM-Online/experiments/screening-exp/results/metrics/csmed_ft/test-small/criterion_wise_evidence_grounded/csmed_ft_test_small_fulltext_criterion_v3_gpt54mini_smoke1_20260516.json,,code/config/llm_providers.gpt54mini.local.yaml,2026-05-16T10:31:16.719962Z,2026-05-16T10:31:39.831525Z,1,1,0,True
csmed_ft_test_small_absft_criterion_v3_gpt54mini_smoke1_20260516,criterion_wise_evidence_grounded,csmed_ft,test-small,abstract_plus_full_text,openai-compatible,gpt-5.4-mini,v3,results/data/csmed_ft/test-small.abstract_plus_full_text.examples.jsonl,/F00120250029/lixiang_share/liuhongtao_share/EBM-Online/experiments/screening-exp/results/preds/csmed_ft/test-small/criterion_wise_evidence_grounded/csmed_ft_test_small_absft_criterion_v3_gpt54mini_smoke1_20260516/predictions.jsonl,/F00120250029/lixiang_share/liuhongtao_share/EBM-Online/experiments/screening-exp/results/metrics/csmed_ft/test-small/criterion_wise_evidence_grounded/csmed_ft_test_small_absft_criterion_v3_gpt54mini_smoke1_20260516.json,,code/config/llm_providers.gpt54mini.local.yaml,2026-05-16T10:34:49.165629Z,2026-05-16T10:34:53.574235Z,1,1,0,True
csmed_ft_test_small_fulltext_criterion_v3_gpt54mini_smoke3_20260516,criterion_wise_evidence_grounded,csmed_ft,test-small,full_text_only,openai-compatible,gpt-5.4-mini,v3,results/data/csmed_ft/test-small.full_text_only.examples.jsonl,/F00120250029/lixiang_share/liuhongtao_share/EBM-Online/experiments/screening-exp/results/preds/csmed_ft/test-small/criterion_wise_evidence_grounded/csmed_ft_test_small_fulltext_criterion_v3_gpt54mini_smoke3_20260516/predictions.jsonl,/F00120250029/lixiang_share/liuhongtao_share/EBM-Online/experiments/screening-exp/results/metrics/csmed_ft/test-small/criterion_wise_evidence_grounded/csmed_ft_test_small_fulltext_criterion_v3_gpt54mini_smoke3_20260516.json,,code/config/llm_providers.gpt54mini.local.yaml,2026-05-16T10:34:49.720767Z,2026-05-16T10:35:06.797264Z,3,2,1,True
csmed_ft_test_small_absft_criterion_v3_gpt54mini_smoke3_20260516,criterion_wise_evidence_grounded,csmed_ft,test-small,abstract_plus_full_text,openai-compatible,gpt-5.4-mini,v3,results/data/csmed_ft/test-small.abstract_plus_full_text.examples.jsonl,/F00120250029/lixiang_share/liuhongtao_share/EBM-Online/experiments/screening-exp/results/preds/csmed_ft/test-small/criterion_wise_evidence_grounded/csmed_ft_test_small_absft_criterion_v3_gpt54mini_smoke3_20260516/predictions.jsonl,/F00120250029/lixiang_share/liuhongtao_share/EBM-Online/experiments/screening-exp/results/metrics/csmed_ft/test-small/criterion_wise_evidence_grounded/csmed_ft_test_small_absft_criterion_v3_gpt54mini_smoke3_20260516.json,,code/config/llm_providers.gpt54mini.local.yaml,2026-05-16T10:45:53.552636Z,2026-05-16T10:46:08.478220Z,3,3,0,True
csmed_ft_test_small_fulltext_criterion_v3_gpt54mini_retry_failed_0312_20260516,criterion_wise_evidence_grounded,csmed_ft,test-small,full_text_only,openai-compatible,gpt-5.4-mini,v3,/tmp/csmed_ft_failed_fulltext_0312.jsonl,/F00120250029/lixiang_share/liuhongtao_share/EBM-Online/experiments/screening-exp/results/preds/csmed_ft/test-small/criterion_wise_evidence_grounded/csmed_ft_test_small_fulltext_criterion_v3_gpt54mini_retry_failed_0312_20260516/predictions.jsonl,/F00120250029/lixiang_share/liuhongtao_share/EBM-Online/experiments/screening-exp/results/metrics/csmed_ft/test-small/criterion_wise_evidence_grounded/csmed_ft_test_small_fulltext_criterion_v3_gpt54mini_retry_failed_0312_20260516.json,,code/config/llm_providers.local.yaml,2026-05-16T10:59:09.217172Z,2026-05-16T10:59:15.249067Z,1,1,0,True
csmed_ft_test_small_absft_criterion_v3_gpt54mini_full_20260516,criterion_wise_evidence_grounded,csmed_ft,test-small,abstract_plus_full_text,openai-compatible,gpt-5.4-mini,v3,results/data/csmed_ft/test-small.abstract_plus_full_text.examples.jsonl,/F00120250029/lixiang_share/liuhongtao_share/EBM-Online/experiments/screening-exp/results/preds/csmed_ft/test-small/criterion_wise_evidence_grounded/csmed_ft_test_small_absft_criterion_v3_gpt54mini_full_20260516/predictions.jsonl,/F00120250029/lixiang_share/liuhongtao_share/EBM-Online/experiments/screening-exp/results/metrics/csmed_ft/test-small/criterion_wise_evidence_grounded/csmed_ft_test_small_absft_criterion_v3_gpt54mini_full_20260516.json,,code/config/llm_providers.local.yaml,2026-05-16T11:04:55.526895Z,2026-05-16T11:06:38.945981Z,47,47,0,True
csmed_ft_test_small_fulltext_criterion_v3_gpt54mini_full_20260516,criterion_wise_evidence_grounded,csmed_ft,test-small,full_text_only,openai-compatible,gpt-5.4-mini,v3,results/data/csmed_ft/test-small.full_text_only.examples.jsonl,/F00120250029/lixiang_share/liuhongtao_share/EBM-Online/experiments/screening-exp/results/preds/csmed_ft/test-small/criterion_wise_evidence_grounded/csmed_ft_test_small_fulltext_criterion_v3_gpt54mini_full_20260516/predictions.jsonl,/F00120250029/lixiang_share/liuhongtao_share/EBM-Online/experiments/screening-exp/results/metrics/csmed_ft/test-small/criterion_wise_evidence_grounded/csmed_ft_test_small_fulltext_criterion_v3_gpt54mini_full_20260516.json,,code/config/llm_providers.local.yaml,2026-05-16T11:04:54.404847Z,2026-05-16T11:06:47.282124Z,47,47,0,True
csmed_ft_test_absft_criterion_v3_gpt54mini_full_20260516,criterion_wise_evidence_grounded,csmed_ft,test,abstract_plus_full_text,openai-compatible,gpt-5.4-mini,v3,results/data/csmed_ft/test.abstract_plus_full_text.examples.jsonl,/F00120250029/lixiang_share/liuhongtao_share/EBM-Online/experiments/screening-exp/results/preds/csmed_ft/test/criterion_wise_evidence_grounded/csmed_ft_test_absft_criterion_v3_gpt54mini_full_20260516/predictions.jsonl,/F00120250029/lixiang_share/liuhongtao_share/EBM-Online/experiments/screening-exp/results/metrics/csmed_ft/test/criterion_wise_evidence_grounded/csmed_ft_test_absft_criterion_v3_gpt54mini_full_20260516.json,,code/config/llm_providers.local.yaml,2026-05-16T11:31:48.705620Z,2026-05-16T11:56:51.960762Z,614,603,11,True
csmed_ft_test_absft_criterion_v3_gpt54mini_retry_failed_20260516,criterion_wise_evidence_grounded,csmed_ft,test,abstract_plus_full_text,openai-compatible,gpt-5.4-mini,v3,/tmp/csmed_ft_test_absft_failed_20260516.jsonl,/F00120250029/lixiang_share/liuhongtao_share/EBM-Online/experiments/screening-exp/results/preds/csmed_ft/test/criterion_wise_evidence_grounded/csmed_ft_test_absft_criterion_v3_gpt54mini_retry_failed_20260516/predictions.jsonl,/F00120250029/lixiang_share/liuhongtao_share/EBM-Online/experiments/screening-exp/results/metrics/csmed_ft/test/criterion_wise_evidence_grounded/csmed_ft_test_absft_criterion_v3_gpt54mini_retry_failed_20260516.json,,code/config/llm_providers.local.yaml,2026-05-16T11:58:45.776113Z,2026-05-16T11:59:15.677303Z,11,11,0,True
csmed_ft_test_absft_criterion_v3_gpt54mini_full_completed_20260516,criterion_wise_evidence_grounded,csmed_ft,test,abstract_plus_full_text,openai-compatible,gpt-5.4-mini,v3,results/data/csmed_ft/test.abstract_plus_full_text.examples.jsonl,results/preds/csmed_ft/test/criterion_wise_evidence_grounded/csmed_ft_test_absft_criterion_v3_gpt54mini_full_completed_20260516/predictions.jsonl,results/metrics/csmed_ft/test/criterion_wise_evidence_grounded/csmed_ft_test_absft_criterion_v3_gpt54mini_full_completed_20260516.json,,code/config/llm_providers.local.yaml,2026-05-16T11:31:48.705620Z,2026-05-16T11:59:15.677303Z,614,614,0,True
criterion-fixed-missing,criterion_wise_evidence_grounded,csmed_ft,test-small,abstract_plus_full_text,openai,gpt-test,fixed_v1,/tmp/pytest-of-root/pytest-168/test_run_criterion_wise_fixed_0/examples-fixed.jsonl,,,/tmp/pytest-of-root/pytest-168/test_run_criterion_wise_fixed_0/defaults.yaml,/tmp/pytest-of-root/pytest-168/test_run_criterion_wise_fixed_0/providers.yaml,2026-05-16T15:55:05.518871Z,2026-05-16T15:55:05.519883Z,1,0,1,True
csmed_ft_dev_absft_direct_v2_gpt54mini_smoke5_20260516,direct_criteria_aware,csmed_ft,dev,abstract_plus_full_text,openai-compatible,gpt-5.4-mini,v2,results/data/csmed_ft/dev.abstract_plus_full_text.examples.jsonl,/F00120250029/lixiang_share/liuhongtao_share/EBM-Online/experiments/screening-exp/results/preds/csmed_ft/dev/direct_criteria_aware/csmed_ft_dev_absft_direct_v2_gpt54mini_smoke5_20260516/predictions.jsonl,/F00120250029/lixiang_share/liuhongtao_share/EBM-Online/experiments/screening-exp/results/metrics/csmed_ft/dev/direct_criteria_aware/csmed_ft_dev_absft_direct_v2_gpt54mini_smoke5_20260516.json,,code/config/llm_providers.local.yaml,2026-05-16T12:38:08.060964Z,2026-05-16T12:38:23.358175Z,5,5,0,True
csmed_ft_dev_fulltext_direct_v2_gpt54mini_smoke5_20260516,direct_criteria_aware,csmed_ft,dev,full_text_only,openai-compatible,gpt-5.4-mini,v2,results/data/csmed_ft/dev.full_text_only.examples.jsonl,/F00120250029/lixiang_share/liuhongtao_share/EBM-Online/experiments/screening-exp/results/preds/csmed_ft/dev/direct_criteria_aware/csmed_ft_dev_fulltext_direct_v2_gpt54mini_smoke5_20260516/predictions.jsonl,/F00120250029/lixiang_share/liuhongtao_share/EBM-Online/experiments/screening-exp/results/metrics/csmed_ft/dev/direct_criteria_aware/csmed_ft_dev_fulltext_direct_v2_gpt54mini_smoke5_20260516.json,,code/config/llm_providers.local.yaml,2026-05-16T12:38:38.428340Z,2026-05-16T12:38:53.788151Z,5,4,1,True
csmed_ft_dev_absft_direct_v2_gpt54mini_full_20260516,direct_criteria_aware,csmed_ft,dev,abstract_plus_full_text,openai-compatible,gpt-5.4-mini,v2,results/data/csmed_ft/dev.abstract_plus_full_text.examples.jsonl,/F00120250029/lixiang_share/liuhongtao_share/EBM-Online/experiments/screening-exp/results/preds/csmed_ft/dev/direct_criteria_aware/csmed_ft_dev_absft_direct_v2_gpt54mini_full_20260516/predictions.jsonl,/F00120250029/lixiang_share/liuhongtao_share/EBM-Online/experiments/screening-exp/results/metrics/csmed_ft/dev/direct_criteria_aware/csmed_ft_dev_absft_direct_v2_gpt54mini_full_20260516.json,,code/config/llm_providers.local.yaml,2026-05-16T12:39:25.276553Z,2026-05-16T13:14:08.476452Z,626,620,6,True
csmed_ft_dev_fulltext_direct_v2_gpt54mini_full_20260516,direct_criteria_aware,csmed_ft,dev,full_text_only,openai-compatible,gpt-5.4-mini,v2,results/data/csmed_ft/dev.full_text_only.examples.jsonl,/F00120250029/lixiang_share/liuhongtao_share/EBM-Online/experiments/screening-exp/results/preds/csmed_ft/dev/direct_criteria_aware/csmed_ft_dev_fulltext_direct_v2_gpt54mini_full_20260516/predictions.jsonl,/F00120250029/lixiang_share/liuhongtao_share/EBM-Online/experiments/screening-exp/results/metrics/csmed_ft/dev/direct_criteria_aware/csmed_ft_dev_fulltext_direct_v2_gpt54mini_full_20260516.json,,code/config/llm_providers.local.yaml,2026-05-16T12:39:26.145316Z,2026-05-16T13:14:22.275268Z,633,612,21,True
csmed_ft_dev_absft_direct_v2_gpt54mini_retry_failed_20260516,direct_criteria_aware,csmed_ft,dev,abstract_plus_full_text,openai-compatible,gpt-5.4-mini,v2,/tmp/csmed_ft_dev_absft_direct_failed_20260516.jsonl,/F00120250029/lixiang_share/liuhongtao_share/EBM-Online/experiments/screening-exp/results/preds/csmed_ft/dev/direct_criteria_aware/csmed_ft_dev_absft_direct_v2_gpt54mini_retry_failed_20260516/predictions.jsonl,/F00120250029/lixiang_share/liuhongtao_share/EBM-Online/experiments/screening-exp/results/metrics/csmed_ft/dev/direct_criteria_aware/csmed_ft_dev_absft_direct_v2_gpt54mini_retry_failed_20260516.json,,code/config/llm_providers.local.yaml,2026-05-16T13:23:48.533988Z,2026-05-16T13:24:34.388144Z,6,6,0,True
csmed_ft_dev_fulltext_direct_v2_gpt54mini_retry_failed_20260516,direct_criteria_aware,csmed_ft,dev,full_text_only,openai-compatible,gpt-5.4-mini,v2,/tmp/csmed_ft_dev_fulltext_direct_failed_20260516.jsonl,/F00120250029/lixiang_share/liuhongtao_share/EBM-Online/experiments/screening-exp/results/preds/csmed_ft/dev/direct_criteria_aware/csmed_ft_dev_fulltext_direct_v2_gpt54mini_retry_failed_20260516/predictions.jsonl,/F00120250029/lixiang_share/liuhongtao_share/EBM-Online/experiments/screening-exp/results/metrics/csmed_ft/dev/direct_criteria_aware/csmed_ft_dev_fulltext_direct_v2_gpt54mini_retry_failed_20260516.json,,code/config/llm_providers.local.yaml,2026-05-16T13:23:50.985837Z,2026-05-16T13:26:54.951146Z,21,21,0,True
csmed_ft_dev_absft_direct_v2_gpt54mini_full_completed_20260516,direct_criteria_aware,csmed_ft,dev,abstract_plus_full_text,openai-compatible,gpt-5.4-mini,v2,results/data/csmed_ft/dev.abstract_plus_full_text.examples.jsonl,results/preds/csmed_ft/dev/direct_criteria_aware/csmed_ft_dev_absft_direct_v2_gpt54mini_full_completed_20260516/predictions.jsonl,results/metrics/csmed_ft/dev/direct_criteria_aware/csmed_ft_dev_absft_direct_v2_gpt54mini_full_completed_20260516.json,,code/config/llm_providers.local.yaml,2026-05-16T12:39:25.276553Z,2026-05-16T13:24:34.388144Z,626,626,0,True
csmed_ft_dev_fulltext_direct_v2_gpt54mini_full_completed_20260516,direct_criteria_aware,csmed_ft,dev,full_text_only,openai-compatible,gpt-5.4-mini,v2,results/data/csmed_ft/dev.full_text_only.examples.jsonl,results/preds/csmed_ft/dev/direct_criteria_aware/csmed_ft_dev_fulltext_direct_v2_gpt54mini_full_completed_20260516/predictions.jsonl,results/metrics/csmed_ft/dev/direct_criteria_aware/csmed_ft_dev_fulltext_direct_v2_gpt54mini_full_completed_20260516.json,,code/config/llm_providers.local.yaml,2026-05-16T12:39:26.145316Z,2026-05-16T13:26:54.951146Z,633,633,0,True
csmed_ft_dev_absft_criterion_raw_v3_gpt54mini_smoke5_20260516,criterion_wise_evidence_grounded,csmed_ft,dev,abstract_plus_full_text,openai-compatible,gpt-5.4-mini,v3,results/data/csmed_ft/dev.abstract_plus_full_text.examples.jsonl,/F00120250029/lixiang_share/liuhongtao_share/EBM-Online/experiments/screening-exp/results/preds/csmed_ft/dev/criterion_wise_evidence_grounded/csmed_ft_dev_absft_criterion_raw_v3_gpt54mini_smoke5_20260516/predictions.jsonl,/F00120250029/lixiang_share/liuhongtao_share/EBM-Online/experiments/screening-exp/results/metrics/csmed_ft/dev/criterion_wise_evidence_grounded/csmed_ft_dev_absft_criterion_raw_v3_gpt54mini_smoke5_20260516.json,,code/config/llm_providers.local.yaml,2026-05-16T13:35:25.586216Z,2026-05-16T13:35:40.183022Z,5,5,0,True
csmed_ft_dev_absft_criterion_fixed_v1_gpt54mini_smoke5_20260516,criterion_wise_evidence_grounded,csmed_ft,dev,abstract_plus_full_text,openai-compatible,gpt-5.4-mini,fixed_v1,results/data/csmed_ft/dev.abstract_plus_full_text.examples.jsonl,/F00120250029/lixiang_share/liuhongtao_share/EBM-Online/experiments/screening-exp/results/preds/csmed_ft/dev/criterion_wise_evidence_grounded/csmed_ft_dev_absft_criterion_fixed_v1_gpt54mini_smoke5_20260516/predictions.jsonl,/F00120250029/lixiang_share/liuhongtao_share/EBM-Online/experiments/screening-exp/results/metrics/csmed_ft/dev/criterion_wise_evidence_grounded/csmed_ft_dev_absft_criterion_fixed_v1_gpt54mini_smoke5_20260516.json,,code/config/llm_providers.local.yaml,2026-05-16T13:35:24.137487Z,2026-05-16T13:35:50.248896Z,5,5,0,True
csmed_ft_dev_absft_criterion_hybrid_v1_gpt54mini_smoke5_20260516,criterion_wise_evidence_grounded,csmed_ft,dev,abstract_plus_full_text,openai-compatible,gpt-5.4-mini,hybrid_v1,results/data/csmed_ft/dev.abstract_plus_full_text.examples.jsonl,/F00120250029/lixiang_share/liuhongtao_share/EBM-Online/experiments/screening-exp/results/preds/csmed_ft/dev/criterion_wise_evidence_grounded/csmed_ft_dev_absft_criterion_hybrid_v1_gpt54mini_smoke5_20260516/predictions.jsonl,/F00120250029/lixiang_share/liuhongtao_share/EBM-Online/experiments/screening-exp/results/metrics/csmed_ft/dev/criterion_wise_evidence_grounded/csmed_ft_dev_absft_criterion_hybrid_v1_gpt54mini_smoke5_20260516.json,,code/config/llm_providers.local.yaml,2026-05-16T13:35:26.552103Z,2026-05-16T13:35:51.482781Z,5,5,0,True
csmed_ft_dev_absft_criterion_raw_v3_gpt54mini_full_20260516,criterion_wise_evidence_grounded,csmed_ft,dev,abstract_plus_full_text,openai-compatible,gpt-5.4-mini,v3,results/data/csmed_ft/dev.abstract_plus_full_text.examples.jsonl,/F00120250029/lixiang_share/liuhongtao_share/EBM-Online/experiments/screening-exp/results/preds/csmed_ft/dev/criterion_wise_evidence_grounded/csmed_ft_dev_absft_criterion_raw_v3_gpt54mini_full_20260516/predictions.jsonl,/F00120250029/lixiang_share/liuhongtao_share/EBM-Online/experiments/screening-exp/results/metrics/csmed_ft/dev/criterion_wise_evidence_grounded/csmed_ft_dev_absft_criterion_raw_v3_gpt54mini_full_20260516.json,,code/config/llm_providers.local.yaml,2026-05-16T13:36:49.924723Z,2026-05-16T14:00:41.291036Z,626,619,7,True
csmed_ft_dev_absft_criterion_fixed_v1_gpt54mini_full_20260516,criterion_wise_evidence_grounded,csmed_ft,dev,abstract_plus_full_text,openai-compatible,gpt-5.4-mini,fixed_v1,results/data/csmed_ft/dev.abstract_plus_full_text.examples.jsonl,/F00120250029/lixiang_share/liuhongtao_share/EBM-Online/experiments/screening-exp/results/preds/csmed_ft/dev/criterion_wise_evidence_grounded/csmed_ft_dev_absft_criterion_fixed_v1_gpt54mini_full_20260516/predictions.jsonl,/F00120250029/lixiang_share/liuhongtao_share/EBM-Online/experiments/screening-exp/results/metrics/csmed_ft/dev/criterion_wise_evidence_grounded/csmed_ft_dev_absft_criterion_fixed_v1_gpt54mini_full_20260516.json,,code/config/llm_providers.local.yaml,2026-05-16T13:36:51.083034Z,2026-05-16T14:22:22.732766Z,626,615,11,True
csmed_ft_dev_absft_criterion_hybrid_v1_gpt54mini_full_20260516,criterion_wise_evidence_grounded,csmed_ft,dev,abstract_plus_full_text,openai-compatible,gpt-5.4-mini,hybrid_v1,results/data/csmed_ft/dev.abstract_plus_full_text.examples.jsonl,/F00120250029/lixiang_share/liuhongtao_share/EBM-Online/experiments/screening-exp/results/preds/csmed_ft/dev/criterion_wise_evidence_grounded/csmed_ft_dev_absft_criterion_hybrid_v1_gpt54mini_full_20260516/predictions.jsonl,/F00120250029/lixiang_share/liuhongtao_share/EBM-Online/experiments/screening-exp/results/metrics/csmed_ft/dev/criterion_wise_evidence_grounded/csmed_ft_dev_absft_criterion_hybrid_v1_gpt54mini_full_20260516.json,,code/config/llm_providers.local.yaml,2026-05-16T13:36:50.857200Z,2026-05-16T14:23:54.149607Z,626,620,6,True
csmed_ft_dev_absft_criterion_raw_v3_gpt54mini_retry_failed_20260516,criterion_wise_evidence_grounded,csmed_ft,dev,abstract_plus_full_text,openai-compatible,gpt-5.4-mini,v3,/tmp/csmed_ft_dev_absft_criterion_raw_failed_20260516.jsonl,/F00120250029/lixiang_share/liuhongtao_share/EBM-Online/experiments/screening-exp/results/preds/csmed_ft/dev/criterion_wise_evidence_grounded/csmed_ft_dev_absft_criterion_raw_v3_gpt54mini_retry_failed_20260516/predictions.jsonl,/F00120250029/lixiang_share/liuhongtao_share/EBM-Online/experiments/screening-exp/results/metrics/csmed_ft/dev/criterion_wise_evidence_grounded/csmed_ft_dev_absft_criterion_raw_v3_gpt54mini_retry_failed_20260516.json,,code/config/llm_providers.local.yaml,2026-05-16T14:38:52.905619Z,2026-05-16T14:39:23.369375Z,7,7,0,True
csmed_ft_dev_absft_criterion_hybrid_v1_gpt54mini_retry_failed_20260516,criterion_wise_evidence_grounded,csmed_ft,dev,abstract_plus_full_text,openai-compatible,gpt-5.4-mini,hybrid_v1,/tmp/csmed_ft_dev_absft_criterion_hybrid_failed_20260516.jsonl,/F00120250029/lixiang_share/liuhongtao_share/EBM-Online/experiments/screening-exp/results/preds/csmed_ft/dev/criterion_wise_evidence_grounded/csmed_ft_dev_absft_criterion_hybrid_v1_gpt54mini_retry_failed_20260516/predictions.jsonl,/F00120250029/lixiang_share/liuhongtao_share/EBM-Online/experiments/screening-exp/results/metrics/csmed_ft/dev/criterion_wise_evidence_grounded/csmed_ft_dev_absft_criterion_hybrid_v1_gpt54mini_retry_failed_20260516.json,,code/config/llm_providers.local.yaml,2026-05-16T14:38:52.905636Z,2026-05-16T14:39:34.957099Z,6,6,0,True
csmed_ft_dev_absft_criterion_fixed_v1_gpt54mini_retry_failed_20260516,criterion_wise_evidence_grounded,csmed_ft,dev,abstract_plus_full_text,openai-compatible,gpt-5.4-mini,fixed_v1,/tmp/csmed_ft_dev_absft_criterion_fixed_failed_20260516.jsonl,/F00120250029/lixiang_share/liuhongtao_share/EBM-Online/experiments/screening-exp/results/preds/csmed_ft/dev/criterion_wise_evidence_grounded/csmed_ft_dev_absft_criterion_fixed_v1_gpt54mini_retry_failed_20260516/predictions.jsonl,/F00120250029/lixiang_share/liuhongtao_share/EBM-Online/experiments/screening-exp/results/metrics/csmed_ft/dev/criterion_wise_evidence_grounded/csmed_ft_dev_absft_criterion_fixed_v1_gpt54mini_retry_failed_20260516.json,,code/config/llm_providers.local.yaml,2026-05-16T14:38:53.871865Z,2026-05-16T14:39:57.531138Z,11,11,0,True
csmed_ft_dev_absft_criterion_raw_v3_gpt54mini_full_completed_20260516,criterion_wise_evidence_grounded,csmed_ft,dev,abstract_plus_full_text,openai-compatible,gpt-5.4-mini,v3,results/data/csmed_ft/dev.abstract_plus_full_text.examples.jsonl,/F00120250029/lixiang_share/liuhongtao_share/EBM-Online/experiments/screening-exp/results/preds/csmed_ft/dev/criterion_wise_evidence_grounded/csmed_ft_dev_absft_criterion_raw_v3_gpt54mini_full_completed_20260516/predictions.jsonl,/F00120250029/lixiang_share/liuhongtao_share/EBM-Online/experiments/screening-exp/results/metrics/csmed_ft/dev/criterion_wise_evidence_grounded/csmed_ft_dev_absft_criterion_raw_v3_gpt54mini_full_completed_20260516.json,,code/config/llm_providers.local.yaml,2026-05-16T13:36:49.924723Z,2026-05-16T14:41:21.095786+00:00,626,626,0,True
csmed_ft_dev_absft_criterion_fixed_v1_gpt54mini_full_completed_20260516,criterion_wise_evidence_grounded,csmed_ft,dev,abstract_plus_full_text,openai-compatible,gpt-5.4-mini,fixed_v1,results/data/csmed_ft/dev.abstract_plus_full_text.examples.jsonl,/F00120250029/lixiang_share/liuhongtao_share/EBM-Online/experiments/screening-exp/results/preds/csmed_ft/dev/criterion_wise_evidence_grounded/csmed_ft_dev_absft_criterion_fixed_v1_gpt54mini_full_completed_20260516/predictions.jsonl,/F00120250029/lixiang_share/liuhongtao_share/EBM-Online/experiments/screening-exp/results/metrics/csmed_ft/dev/criterion_wise_evidence_grounded/csmed_ft_dev_absft_criterion_fixed_v1_gpt54mini_full_completed_20260516.json,,code/config/llm_providers.local.yaml,2026-05-16T13:36:51.083034Z,2026-05-16T14:41:22.285872+00:00,626,626,0,True
csmed_ft_dev_absft_criterion_hybrid_v1_gpt54mini_full_completed_20260516,criterion_wise_evidence_grounded,csmed_ft,dev,abstract_plus_full_text,openai-compatible,gpt-5.4-mini,hybrid_v1,results/data/csmed_ft/dev.abstract_plus_full_text.examples.jsonl,/F00120250029/lixiang_share/liuhongtao_share/EBM-Online/experiments/screening-exp/results/preds/csmed_ft/dev/criterion_wise_evidence_grounded/csmed_ft_dev_absft_criterion_hybrid_v1_gpt54mini_full_completed_20260516/predictions.jsonl,/F00120250029/lixiang_share/liuhongtao_share/EBM-Online/experiments/screening-exp/results/metrics/csmed_ft/dev/criterion_wise_evidence_grounded/csmed_ft_dev_absft_criterion_hybrid_v1_gpt54mini_full_completed_20260516.json,,code/config/llm_providers.local.yaml,2026-05-16T13:36:50.857200Z,2026-05-16T14:41:23.407210+00:00,626,626,0,True
csmed_ft_dev_abstract_direct_v3_gpt54mini_smoke5_20260516,direct_criteria_aware,csmed_ft,dev,abstract_only,openai-compatible,gpt-5.4-mini,v3,results/data/csmed_ft/dev.abstract_only.examples.jsonl,/F00120250029/lixiang_share/liuhongtao_share/EBM-Online/experiments/screening-exp/results/preds/csmed_ft/dev/direct_criteria_aware/csmed_ft_dev_abstract_direct_v3_gpt54mini_smoke5_20260516/predictions.jsonl,/F00120250029/lixiang_share/liuhongtao_share/EBM-Online/experiments/screening-exp/results/metrics/csmed_ft/dev/direct_criteria_aware/csmed_ft_dev_abstract_direct_v3_gpt54mini_smoke5_20260516.json,code/config/experiment_defaults.yaml,code/config/llm_providers.local.yaml,2026-05-16T15:38:30.477510Z,2026-05-16T15:38:37.017621Z,5,5,0,True
csmed_ft_dev_abstract_direct_v3_gpt54mini_full_20260516,direct_criteria_aware,csmed_ft,dev,abstract_only,openai-compatible,gpt-5.4-mini,v3,results/data/csmed_ft/dev.abstract_only.examples.jsonl,/F00120250029/lixiang_share/liuhongtao_share/EBM-Online/experiments/screening-exp/results/preds/csmed_ft/dev/direct_criteria_aware/csmed_ft_dev_abstract_direct_v3_gpt54mini_full_20260516/predictions.jsonl,/F00120250029/lixiang_share/liuhongtao_share/EBM-Online/experiments/screening-exp/results/metrics/csmed_ft/dev/direct_criteria_aware/csmed_ft_dev_abstract_direct_v3_gpt54mini_full_20260516.json,code/config/experiment_defaults.yaml,code/config/llm_providers.local.yaml,2026-05-16T15:38:50.544654Z,2026-05-16T15:43:16.062100Z,632,632,0,True
csmed_ft_dev_two_stage_abstract_direct_v3_to_absft_criteria_raw_v3_gpt54mini_20260516,two_stage,csmed_ft,dev,abstract_plus_full_text,,,,results/data/csmed_ft/dev.abstract_plus_full_text.examples.jsonl,/F00120250029/lixiang_share/liuhongtao_share/EBM-Online/experiments/screening-exp/results/preds/csmed_ft/dev/two_stage/csmed_ft_dev_two_stage_abstract_direct_v3_to_absft_criteria_raw_v3_gpt54mini_20260516/predictions.jsonl,/F00120250029/lixiang_share/liuhongtao_share/EBM-Online/experiments/screening-exp/results/metrics/csmed_ft/dev/two_stage/csmed_ft_dev_two_stage_abstract_direct_v3_to_absft_criteria_raw_v3_gpt54mini_20260516.json,,,2026-05-16T15:46:02.367853Z,2026-05-16T15:46:03.587781Z,626,626,0,False
csmed_ft_dev_two_stage_abstract_direct_v3_to_absft_direct_v2_gpt54mini_20260516,two_stage,csmed_ft,dev,abstract_plus_full_text,,,,results/data/csmed_ft/dev.abstract_plus_full_text.examples.jsonl,/F00120250029/lixiang_share/liuhongtao_share/EBM-Online/experiments/screening-exp/results/preds/csmed_ft/dev/two_stage/csmed_ft_dev_two_stage_abstract_direct_v3_to_absft_direct_v2_gpt54mini_20260516/predictions.jsonl,/F00120250029/lixiang_share/liuhongtao_share/EBM-Online/experiments/screening-exp/results/metrics/csmed_ft/dev/two_stage/csmed_ft_dev_two_stage_abstract_direct_v3_to_absft_direct_v2_gpt54mini_20260516.json,,,2026-05-16T15:46:18.216356Z,2026-05-16T15:46:19.507821Z,626,626,0,False
csmed_ft_test_two_stage_abstract_direct_v3_to_absft_criteria_raw_v3_gpt54mini_20260516,two_stage,csmed_ft,test,abstract_plus_full_text,,,,results/data/csmed_ft/test.abstract_plus_full_text.examples.jsonl,/F00120250029/lixiang_share/liuhongtao_share/EBM-Online/experiments/screening-exp/results/preds/csmed_ft/test/two_stage/csmed_ft_test_two_stage_abstract_direct_v3_to_absft_criteria_raw_v3_gpt54mini_20260516/predictions.jsonl,/F00120250029/lixiang_share/liuhongtao_share/EBM-Online/experiments/screening-exp/results/metrics/csmed_ft/test/two_stage/csmed_ft_test_two_stage_abstract_direct_v3_to_absft_criteria_raw_v3_gpt54mini_20260516.json,,,2026-05-16T16:38:35.709716Z,2026-05-16T16:38:37.723300Z,614,614,0,False
